{"resolutionId":17,"quality":0,"toggleTutorial":true,"fullscreen":false,"volume":{"master":-15.99466323852539,"music":-4.183825492858887,"soundEffect":-8.508047103881836}}